{
    "tasks": [
        {
            "group_name": "barcode_b",
            "verilog_1_basename": "barcode_2b.v",
            "verilog_2_basename": "barcode_3.v",
            "evaluator_name": "nuxmv",
            "bit_widths": "4 5 6 7 8 16 32"
        },
        {
            "group_name": "barcode_b",
            "verilog_1_basename": "barcode_2b.v",
            "verilog_2_basename": "barcode_3b.v",
            "evaluator_name": "nuxmv",
            "bit_widths": "4 5 6 7 8 16 32"
        },
        {
            "group_name": "barcode_b",
            "verilog_1_basename": "barcode_2b.v",
            "verilog_2_basename": "barcode_4.v",
            "evaluator_name": "nuxmv",
            "bit_widths": "4 5 6 7 8 16 32"
        },
        {
            "group_name": "barcode_b",
            "verilog_1_basename": "barcode_3.v",
            "verilog_2_basename": "barcode_3b.v",
            "evaluator_name": "nuxmv",
            "bit_widths": "4 5 6 7 8 16 32"
        },
        {
            "group_name": "barcode_b",
            "verilog_1_basename": "barcode_3.v",
            "verilog_2_basename": "barcode_4.v",
            "evaluator_name": "nuxmv",
            "bit_widths": "4 5 6 7 8 16 32"
        },
        {
            "group_name": "barcode_b",
            "verilog_1_basename": "barcode_3b.v",
            "verilog_2_basename": "barcode_4.v",
            "evaluator_name": "nuxmv",
            "bit_widths": "4 5 6 7 8 16 32"
        }
    ]
}