{
    "file_basenames": [
        "counter_1.v",
        "counter_1_1.v",
        "counter_2.v",
        "counter_3.v",
        "counter_3_2.v",
        "counter_4.v"
    ],
    "no_slower_than": {
        "counter_1.v VS counter_1.v": true,
        "counter_1.v VS counter_1_1.v": true,
        "counter_1.v VS counter_2.v": true,
        "counter_1.v VS counter_3.v": true,
        "counter_1.v VS counter_3_2.v": true,
        "counter_1.v VS counter_4.v": true,
        "counter_1_1.v VS counter_1.v": false,
        "counter_1_1.v VS counter_1_1.v": true,
        "counter_1_1.v VS counter_2.v": false,
        "counter_1_1.v VS counter_3.v": false,
        "counter_1_1.v VS counter_3_2.v": true,
        "counter_1_1.v VS counter_4.v": false,
        "counter_2.v VS counter_1.v": false,
        "counter_2.v VS counter_1_1.v": false,
        "counter_2.v VS counter_2.v": true,
        "counter_2.v VS counter_3.v": true,
        "counter_2.v VS counter_3_2.v": true,
        "counter_2.v VS counter_4.v": true,
        "counter_3.v VS counter_1.v": false,
        "counter_3.v VS counter_1_1.v": false,
        "counter_3.v VS counter_2.v": false,
        "counter_3.v VS counter_3.v": true,
        "counter_3.v VS counter_3_2.v": false,
        "counter_3.v VS counter_4.v": true,
        "counter_3_2.v VS counter_1.v": false,
        "counter_3_2.v VS counter_1_1.v": false,
        "counter_3_2.v VS counter_2.v": false,
        "counter_3_2.v VS counter_3.v": false,
        "counter_3_2.v VS counter_3_2.v": true,
        "counter_3_2.v VS counter_4.v": false,
        "counter_4.v VS counter_1.v": false,
        "counter_4.v VS counter_1_1.v": false,
        "counter_4.v VS counter_2.v": false,
        "counter_4.v VS counter_3.v": false,
        "counter_4.v VS counter_3_2.v": false,
        "counter_4.v VS counter_4.v": true
    }
}