{
    "file_basenames": [
        "gcd_alt.v",
        "gcd_alt_1.v",
        "gcd_alt_1_1.v",
        "gcd_alt_2.v",
        "gcd_alt_3.v",
        "gcd_alt_4.v"
    ],
    "no_slower_than": {
        "gcd_alt.v VS gcd_alt.v": true,
        "gcd_alt.v VS gcd_alt_1.v": false,
        "gcd_alt.v VS gcd_alt_1_1.v": false,
        "gcd_alt.v VS gcd_alt_2.v": false,
        "gcd_alt.v VS gcd_alt_3.v": false,
        "gcd_alt.v VS gcd_alt_4.v": false,
        "gcd_alt_1.v VS gcd_alt.v": true,
        "gcd_alt_1.v VS gcd_alt_1.v": true,
        "gcd_alt_1.v VS gcd_alt_1_1.v": false,
        "gcd_alt_1.v VS gcd_alt_2.v": true,
        "gcd_alt_1.v VS gcd_alt_3.v": true,
        "gcd_alt_1.v VS gcd_alt_4.v": true,
        "gcd_alt_1_1.v VS gcd_alt.v": true,
        "gcd_alt_1_1.v VS gcd_alt_1.v": false,
        "gcd_alt_1_1.v VS gcd_alt_1_1.v": true,
        "gcd_alt_1_1.v VS gcd_alt_2.v": false,
        "gcd_alt_1_1.v VS gcd_alt_3.v": false,
        "gcd_alt_1_1.v VS gcd_alt_4.v": false,
        "gcd_alt_2.v VS gcd_alt.v": true,
        "gcd_alt_2.v VS gcd_alt_1.v": false,
        "gcd_alt_2.v VS gcd_alt_1_1.v": false,
        "gcd_alt_2.v VS gcd_alt_2.v": true,
        "gcd_alt_2.v VS gcd_alt_3.v": true,
        "gcd_alt_2.v VS gcd_alt_4.v": true,
        "gcd_alt_3.v VS gcd_alt.v": true,
        "gcd_alt_3.v VS gcd_alt_1.v": false,
        "gcd_alt_3.v VS gcd_alt_1_1.v": false,
        "gcd_alt_3.v VS gcd_alt_2.v": false,
        "gcd_alt_3.v VS gcd_alt_3.v": true,
        "gcd_alt_3.v VS gcd_alt_4.v": true,
        "gcd_alt_4.v VS gcd_alt.v": false,
        "gcd_alt_4.v VS gcd_alt_1.v": false,
        "gcd_alt_4.v VS gcd_alt_1_1.v": false,
        "gcd_alt_4.v VS gcd_alt_2.v": false,
        "gcd_alt_4.v VS gcd_alt_3.v": false,
        "gcd_alt_4.v VS gcd_alt_4.v": true
    }
}