{
    "file_basenames": [
        "diffeq_1.v",
        "diffeq_1_1.v",
        "diffeq_2.v",
        "diffeq_2_2.v",
        "diffeq_2_2b.v",
        "diffeq_2b.v",
        "diffeq_3_1.v",
        "diffeq_3_3.v",
        "diffeq_4.v",
        "diffeq_4_4.v",
        "diffeq_4_4b.v"
    ],
    "no_slower_than": {
        "diffeq_1.v VS diffeq_1.v": true,
        "diffeq_1.v VS diffeq_1_1.v": false,
        "diffeq_1.v VS diffeq_2.v": false,
        "diffeq_1.v VS diffeq_2_2.v": false,
        "diffeq_1.v VS diffeq_2_2b.v": false,
        "diffeq_1.v VS diffeq_2b.v": false,
        "diffeq_1.v VS diffeq_3_1.v": false,
        "diffeq_1.v VS diffeq_3_3.v": false,
        "diffeq_1.v VS diffeq_4.v": false,
        "diffeq_1.v VS diffeq_4_4.v": false,
        "diffeq_1.v VS diffeq_4_4b.v": false,
        "diffeq_1_1.v VS diffeq_1.v": false,
        "diffeq_1_1.v VS diffeq_1_1.v": true,
        "diffeq_1_1.v VS diffeq_2.v": false,
        "diffeq_1_1.v VS diffeq_2_2.v": false,
        "diffeq_1_1.v VS diffeq_2_2b.v": false,
        "diffeq_1_1.v VS diffeq_2b.v": false,
        "diffeq_1_1.v VS diffeq_3_1.v": false,
        "diffeq_1_1.v VS diffeq_3_3.v": false,
        "diffeq_1_1.v VS diffeq_4.v": false,
        "diffeq_1_1.v VS diffeq_4_4.v": false,
        "diffeq_1_1.v VS diffeq_4_4b.v": false,
        "diffeq_2.v VS diffeq_1.v": false,
        "diffeq_2.v VS diffeq_1_1.v": false,
        "diffeq_2.v VS diffeq_2.v": true,
        "diffeq_2.v VS diffeq_2_2.v": false,
        "diffeq_2.v VS diffeq_2_2b.v": false,
        "diffeq_2.v VS diffeq_2b.v": false,
        "diffeq_2.v VS diffeq_3_1.v": false,
        "diffeq_2.v VS diffeq_3_3.v": false,
        "diffeq_2.v VS diffeq_4.v": false,
        "diffeq_2.v VS diffeq_4_4.v": false,
        "diffeq_2.v VS diffeq_4_4b.v": false,
        "diffeq_2_2.v VS diffeq_1.v": false,
        "diffeq_2_2.v VS diffeq_1_1.v": false,
        "diffeq_2_2.v VS diffeq_2.v": false,
        "diffeq_2_2.v VS diffeq_2_2.v": true,
        "diffeq_2_2.v VS diffeq_2_2b.v": false,
        "diffeq_2_2.v VS diffeq_2b.v": false,
        "diffeq_2_2.v VS diffeq_3_1.v": false,
        "diffeq_2_2.v VS diffeq_3_3.v": false,
        "diffeq_2_2.v VS diffeq_4.v": false,
        "diffeq_2_2.v VS diffeq_4_4.v": false,
        "diffeq_2_2.v VS diffeq_4_4b.v": false,
        "diffeq_2_2b.v VS diffeq_1.v": false,
        "diffeq_2_2b.v VS diffeq_1_1.v": false,
        "diffeq_2_2b.v VS diffeq_2.v": false,
        "diffeq_2_2b.v VS diffeq_2_2.v": false,
        "diffeq_2_2b.v VS diffeq_2_2b.v": true,
        "diffeq_2_2b.v VS diffeq_2b.v": false,
        "diffeq_2_2b.v VS diffeq_3_1.v": false,
        "diffeq_2_2b.v VS diffeq_3_3.v": false,
        "diffeq_2_2b.v VS diffeq_4.v": false,
        "diffeq_2_2b.v VS diffeq_4_4.v": false,
        "diffeq_2_2b.v VS diffeq_4_4b.v": false,
        "diffeq_2b.v VS diffeq_1.v": false,
        "diffeq_2b.v VS diffeq_1_1.v": false,
        "diffeq_2b.v VS diffeq_2.v": false,
        "diffeq_2b.v VS diffeq_2_2.v": false,
        "diffeq_2b.v VS diffeq_2_2b.v": false,
        "diffeq_2b.v VS diffeq_2b.v": true,
        "diffeq_2b.v VS diffeq_3_1.v": false,
        "diffeq_2b.v VS diffeq_3_3.v": false,
        "diffeq_2b.v VS diffeq_4.v": false,
        "diffeq_2b.v VS diffeq_4_4.v": false,
        "diffeq_2b.v VS diffeq_4_4b.v": false,
        "diffeq_3_1.v VS diffeq_1.v": false,
        "diffeq_3_1.v VS diffeq_1_1.v": false,
        "diffeq_3_1.v VS diffeq_2.v": false,
        "diffeq_3_1.v VS diffeq_2_2.v": false,
        "diffeq_3_1.v VS diffeq_2_2b.v": false,
        "diffeq_3_1.v VS diffeq_2b.v": false,
        "diffeq_3_1.v VS diffeq_3_1.v": true,
        "diffeq_3_1.v VS diffeq_3_3.v": false,
        "diffeq_3_1.v VS diffeq_4.v": false,
        "diffeq_3_1.v VS diffeq_4_4.v": false,
        "diffeq_3_1.v VS diffeq_4_4b.v": false,
        "diffeq_3_3.v VS diffeq_1.v": false,
        "diffeq_3_3.v VS diffeq_1_1.v": false,
        "diffeq_3_3.v VS diffeq_2.v": false,
        "diffeq_3_3.v VS diffeq_2_2.v": false,
        "diffeq_3_3.v VS diffeq_2_2b.v": false,
        "diffeq_3_3.v VS diffeq_2b.v": false,
        "diffeq_3_3.v VS diffeq_3_1.v": false,
        "diffeq_3_3.v VS diffeq_3_3.v": true,
        "diffeq_3_3.v VS diffeq_4.v": false,
        "diffeq_3_3.v VS diffeq_4_4.v": false,
        "diffeq_3_3.v VS diffeq_4_4b.v": false,
        "diffeq_4.v VS diffeq_1.v": false,
        "diffeq_4.v VS diffeq_1_1.v": false,
        "diffeq_4.v VS diffeq_2.v": false,
        "diffeq_4.v VS diffeq_2_2.v": false,
        "diffeq_4.v VS diffeq_2_2b.v": false,
        "diffeq_4.v VS diffeq_2b.v": false,
        "diffeq_4.v VS diffeq_3_1.v": false,
        "diffeq_4.v VS diffeq_3_3.v": false,
        "diffeq_4.v VS diffeq_4.v": true,
        "diffeq_4.v VS diffeq_4_4.v": false,
        "diffeq_4.v VS diffeq_4_4b.v": false,
        "diffeq_4_4.v VS diffeq_1.v": false,
        "diffeq_4_4.v VS diffeq_1_1.v": false,
        "diffeq_4_4.v VS diffeq_2.v": false,
        "diffeq_4_4.v VS diffeq_2_2.v": false,
        "diffeq_4_4.v VS diffeq_2_2b.v": false,
        "diffeq_4_4.v VS diffeq_2b.v": false,
        "diffeq_4_4.v VS diffeq_3_1.v": false,
        "diffeq_4_4.v VS diffeq_3_3.v": false,
        "diffeq_4_4.v VS diffeq_4.v": false,
        "diffeq_4_4.v VS diffeq_4_4.v": true,
        "diffeq_4_4.v VS diffeq_4_4b.v": false,
        "diffeq_4_4b.v VS diffeq_1.v": false,
        "diffeq_4_4b.v VS diffeq_1_1.v": false,
        "diffeq_4_4b.v VS diffeq_2.v": false,
        "diffeq_4_4b.v VS diffeq_2_2.v": false,
        "diffeq_4_4b.v VS diffeq_2_2b.v": false,
        "diffeq_4_4b.v VS diffeq_2b.v": false,
        "diffeq_4_4b.v VS diffeq_3_1.v": false,
        "diffeq_4_4b.v VS diffeq_3_3.v": false,
        "diffeq_4_4b.v VS diffeq_4.v": false,
        "diffeq_4_4b.v VS diffeq_4_4.v": false,
        "diffeq_4_4b.v VS diffeq_4_4b.v": true
    }
}