{
    "file_basenames": [
        "gcd_1.v",
        "gcd_1_1b.v",
        "gcd_2.v",
        "gcd_2_2.v",
        "gcd_3b.v",
        "gcd_4b.v"
    ],
    "no_slower_than": {
        "gcd_1.v VS gcd_1.v": true,
        "gcd_1.v VS gcd_1_1b.v": false,
        "gcd_1.v VS gcd_2.v": true,
        "gcd_1.v VS gcd_2_2.v": true,
        "gcd_1.v VS gcd_3b.v": true,
        "gcd_1.v VS gcd_4b.v": true,
        "gcd_1_1b.v VS gcd_1.v": false,
        "gcd_1_1b.v VS gcd_1_1b.v": true,
        "gcd_1_1b.v VS gcd_2.v": false,
        "gcd_1_1b.v VS gcd_2_2.v": true,
        "gcd_1_1b.v VS gcd_3b.v": false,
        "gcd_1_1b.v VS gcd_4b.v": false,
        "gcd_2.v VS gcd_1.v": false,
        "gcd_2.v VS gcd_1_1b.v": false,
        "gcd_2.v VS gcd_2.v": true,
        "gcd_2.v VS gcd_2_2.v": true,
        "gcd_2.v VS gcd_3b.v": true,
        "gcd_2.v VS gcd_4b.v": true,
        "gcd_2_2.v VS gcd_1.v": false,
        "gcd_2_2.v VS gcd_1_1b.v": false,
        "gcd_2_2.v VS gcd_2.v": false,
        "gcd_2_2.v VS gcd_2_2.v": true,
        "gcd_2_2.v VS gcd_3b.v": false,
        "gcd_2_2.v VS gcd_4b.v": false,
        "gcd_3b.v VS gcd_1.v": false,
        "gcd_3b.v VS gcd_1_1b.v": false,
        "gcd_3b.v VS gcd_2.v": false,
        "gcd_3b.v VS gcd_2_2.v": false,
        "gcd_3b.v VS gcd_3b.v": true,
        "gcd_3b.v VS gcd_4b.v": true,
        "gcd_4b.v VS gcd_1.v": false,
        "gcd_4b.v VS gcd_1_1b.v": false,
        "gcd_4b.v VS gcd_2.v": false,
        "gcd_4b.v VS gcd_2_2.v": false,
        "gcd_4b.v VS gcd_3b.v": false,
        "gcd_4b.v VS gcd_4b.v": true
    }
}