{
    "tasks": [
        {
            "group_name": "counter",
            "verilog_1_basename": "counter_1.v",
            "verilog_2_basename": "counter_1_1.v",
            "evaluator_name": "word-fast",
            "bit_widths": "8 16 32"
        },
        {
            "group_name": "counter",
            "verilog_1_basename": "counter_1.v",
            "verilog_2_basename": "counter_1_1.v",
            "evaluator_name": "word-even",
            "bit_widths": "8 16 32"
        },
        {
            "group_name": "counter",
            "verilog_1_basename": "counter_1_1.v",
            "verilog_2_basename": "counter_1.v",
            "evaluator_name": "word-even",
            "bit_widths": "8 16 32"
        },
        {
            "group_name": "counter",
            "verilog_1_basename": "counter_1.v",
            "verilog_2_basename": "counter_1_1.v",
            "evaluator_name": "nuxmv",
            "bit_widths": "4 5 6 7 8"
        },
        {
            "group_name": "counter",
            "verilog_1_basename": "counter_1.v",
            "verilog_2_basename": "counter_2_2.v",
            "evaluator_name": "word-even",
            "bit_widths": "8 16 32"
        },
        {
            "group_name": "counter",
            "verilog_1_basename": "counter_2_2.v",
            "verilog_2_basename": "counter_1.v",
            "evaluator_name": "word-even",
            "bit_widths": "8 16 32"
        },
        {
            "group_name": "counter",
            "verilog_1_basename": "counter_1.v",
            "verilog_2_basename": "counter_2_2.v",
            "evaluator_name": "nuxmv",
            "bit_widths": "4 5 6 7 8"
        },
        {
            "group_name": "counter",
            "verilog_1_basename": "counter_1_1.v",
            "verilog_2_basename": "counter_2_2.v",
            "evaluator_name": "word-even",
            "bit_widths": "8 16 32"
        },
        {
            "group_name": "counter",
            "verilog_1_basename": "counter_2_2.v",
            "verilog_2_basename": "counter_1_1.v",
            "evaluator_name": "word-even",
            "bit_widths": "8 16 32"
        },
        {
            "group_name": "counter",
            "verilog_1_basename": "counter_1_1.v",
            "verilog_2_basename": "counter_2_2.v",
            "evaluator_name": "nuxmv",
            "bit_widths": "4 5 6 7 8"
        }
    ]
}