{
    "file_basenames": [
        "counter_1.v",
        "counter_1_1.v",
        "counter_2_2.v"
    ],
    "no_slower_than": {
        "counter_1.v VS counter_1.v": true,
        "counter_1.v VS counter_1_1.v": true,
        "counter_1.v VS counter_2_2.v": true,
        "counter_1_1.v VS counter_1.v": true,
        "counter_1_1.v VS counter_1_1.v": true,
        "counter_1_1.v VS counter_2_2.v": true,
        "counter_2_2.v VS counter_1.v": true,
        "counter_2_2.v VS counter_1_1.v": true,
        "counter_2_2.v VS counter_2_2.v": true
    }
}