{
    "tasks": [
        {
            "group_name": "barcode_a",
            "verilog_1_basename": "barcode_1.v",
            "verilog_2_basename": "barcode_1_1.v",
            "evaluator_name": "nuxmv",
            "bit_widths": "4 5 6 7 8 16 32"
        },
        {
            "group_name": "barcode_a",
            "verilog_1_basename": "barcode_1.v",
            "verilog_2_basename": "barcode_2.v",
            "evaluator_name": "nuxmv",
            "bit_widths": "4 5 6 7 8 16 32"
        },
        {
            "group_name": "barcode_a",
            "verilog_1_basename": "barcode_1.v",
            "verilog_2_basename": "barcode_2_2.v",
            "evaluator_name": "nuxmv",
            "bit_widths": "4 5 6 7 8 16 32"
        },
        {
            "group_name": "barcode_a",
            "verilog_1_basename": "barcode_1_1.v",
            "verilog_2_basename": "barcode_2.v",
            "evaluator_name": "nuxmv",
            "bit_widths": "4 5 6 7 8 16 32"
        },
        {
            "group_name": "barcode_a",
            "verilog_1_basename": "barcode_1_1.v",
            "verilog_2_basename": "barcode_2_2.v",
            "evaluator_name": "nuxmv",
            "bit_widths": "4 5 6 7 8 16 32"
        },
        {
            "group_name": "barcode_a",
            "verilog_1_basename": "barcode_2.v",
            "verilog_2_basename": "barcode_2_2.v",
            "evaluator_name": "nuxmv",
            "bit_widths": "4 5 6 7 8 16 32"
        }
    ]
}